{
  "version": 2,
  "scope": "rubynor",
  "alias": ["bigfive-test.com"],
  "env": {
    "MONGODB_URI": "@mongodb_uri",
    "MONGODB_COLLECTION": "results",
    "BASE_URL": "https://bigfive-test.com"
  },
  "builds": [
    {
      "src": "nuxt.config.js",
      "use": "@nuxtjs/vercel-builder",
      "config": {
        "serverFiles": [
          "content/**"
        ]
      }
    },
    {
      "src": "api/*.js",
      "use": "@vercel/node"
    }
  ],
  "rewrites": [
    {
      "source": "/api/result/:id/:lang",
      "destination": "/api/result.js"
    },
    {
      "source": "/api/result/:id",
      "destination": "/api/result.js"
    },
    {
      "source": "/api/compare/:id",
      "destination": "/api/compare.js"
    },
    {
      "source": "/api/(.*)",
      "destination": "/api/$1.js"
    },
    {
      "source": "/service-worker.js",
      "destination": "/sw.js"
    }
  ],
  "headers": [
    {
      "source": "/api/(.*)",
      "headers" : [
        {
          "key" : "Access-Control-Allow-Origin",
          "value" : "*"
        },
        {
          "key": "Access-Control-Allow-Headers",
          "value": "Accept, Access-Control-Request-Headers, Access-Control-Request-Method, Authorization, Content-Type, Last-Modified, Origin, X-FusionAuth-TenantId, X-Requested-With"
        }
      ]
    }
  ]
}
